DNR_ID,site,date,species,concentration
02_0003,204,2020-05-13,cyclopoid,14.80894682
02_0003,204,2020-06-04,cyclopoid,5.347675239
02_0003,204,2020-06-25,cyclopoid,4.826619703
02_0003,204,2020-07-15,cyclopoid,3.5194102
02_0003,204,2020-07-31,cyclopoid,16.91145161
02_0003,204,2020-08-18,cyclopoid,5.429947166
02_0003,204,2020-09-04,cyclopoid,3.702236704
02_0003,204,2020-09-24,cyclopoid,5.347675239
62_0002,207,2020-05-13,cyclopoid,3.784508631
62_0002,207,2020-06-04,cyclopoid,4.936315605
62_0002,207,2020-06-24,cyclopoid,4.257572209
62_0002,207,2020-07-15,cyclopoid,3.841641913
62_0002,207,2020-07-31,cyclopoid,9.049911943
62_0002,207,2020-08-18,cyclopoid,6.398927636
62_0002,207,2020-09-04,cyclopoid,4.144067422
62_0002,207,2020-09-24,cyclopoid,2.468157803
62_0047,201,2020-04-15,cyclopoid,4.284234408
62_0047,201,2020-05-05,cyclopoid,12.67597094
62_0047,201,2020-05-20,cyclopoid,8.129494762
62_0047,201,2020-06-11,cyclopoid,52.69516908
62_0047,201,2020-07-01,cyclopoid,63.04771987
62_0047,201,2020-07-23,cyclopoid,66.64026067
62_0047,201,2020-08-06,cyclopoid,24.68157803
62_0047,201,2020-08-26,cyclopoid,19.0139564
62_0047,201,2020-09-11,cyclopoid,39.49052484
62_0047,201,2020-10-09,cyclopoid,11.51806975
62_0054,101,2020-07-17,cyclopoid,2.952648038
62_0054,101,2020-04-13,cyclopoid,17.48449843
62_0054,101,2020-05-04,cyclopoid,31.11859452
62_0054,101,2020-05-18,cyclopoid,14.56213104
62_0054,101,2020-06-10,cyclopoid,2.031333049
62_0054,101,2020-06-25,cyclopoid,3.656530078
62_0054,101,2020-08-05,cyclopoid,6.801145945
62_0054,101,2020-08-20,cyclopoid,6.526906189
62_0054,101,2020-09-10,cyclopoid,10.02933964
62_0054,101,2020-10-08,cyclopoid,3.016637314
62_0055,201,2020-04-10,cyclopoid,4.162567723
62_0055,201,2020-05-01,cyclopoid,7.685569157
62_0055,201,2020-05-17,cyclopoid,7.219361572
62_0055,201,2020-05-21,cyclopoid,6.513194201
62_0055,201,2020-05-26,cyclopoid,7.130233652
62_0055,201,2020-06-26,cyclopoid,12.76586063
62_0055,201,2020-07-14,cyclopoid,17.23792751
62_0055,201,2020-08-03,cyclopoid,15.86672873
62_0055,201,2020-08-20,cyclopoid,7.404473408
62_0055,201,2020-09-06,cyclopoid,39.13793087
62_0055,201,2020-09-09,cyclopoid,2.193918047
62_0055,201,2020-10-05,cyclopoid,2.399597864
62_0055,201,2020-10-23,cyclopoid,2.193918047
62_0057,401,2020-05-07,cyclopoid,19.60814254
62_0057,401,2020-06-02,cyclopoid,3.694401282
62_0057,401,2020-06-15,cyclopoid,1.982361664
62_0057,401,2020-07-02,cyclopoid,3.135474542
62_0057,401,2020-07-22,cyclopoid,2.139070096
62_0057,401,2020-08-07,cyclopoid,11.65518962
62_0057,401,2020-08-27,cyclopoid,30.85197253
62_0057,401,2020-09-17,cyclopoid,5.656194964
62_0061,208,2020-05-08,cyclopoid,5.339839817
62_0061,208,2020-05-28,cyclopoid,9.982327113
62_0061,208,2020-06-16,cyclopoid,3.264758998
62_0061,208,2020-07-06,cyclopoid,7.890269547
62_0061,208,2020-07-24,cyclopoid,8.814849295
62_0061,208,2020-08-12,cyclopoid,4.008119508
62_0061,208,2020-09-02,cyclopoid,6.699285464
62_0061,208,2020-09-15,cyclopoid,9.87263121
62_0067,202,2020-05-27,cyclopoid,7.927487799
62_0067,202,2020-06-12,cyclopoid,2.312755274
62_0067,202,2020-06-29,cyclopoid,2.501066573
62_0067,202,2020-07-21,cyclopoid,7.774697078
62_0067,202,2020-08-10,cyclopoid,7.313060156
62_0067,202,2020-08-22,cyclopoid,7.054817719
62_0067,202,2020-09-17,cyclopoid,4.505367417
62_0067,202,2020-05-06,cyclopoid,13.90787333
62_0075,202,2020-05-08,cyclopoid,13.05381238
62_0075,202,2020-05-28,cyclopoid,20.04692615
62_0075,202,2020-06-16,cyclopoid,22.27512417
62_0075,202,2020-07-06,cyclopoid,9.25559176
62_0075,202,2020-07-24,cyclopoid,8.912792065
62_0075,202,2020-08-12,cyclopoid,17.55134437
62_0075,202,2020-09-02,cyclopoid,20.29374193
62_0075,202,2020-09-15,cyclopoid,11.51806975
62_0078,101,2020-05-06,cyclopoid,6.033274628
62_0078,101,2020-05-27,cyclopoid,1.450423598
62_0078,101,2020-06-15,cyclopoid,5.880483907
62_0078,101,2020-07-02,cyclopoid,7.898104968
62_0078,101,2020-07-22,cyclopoid,4.91986122
62_0078,101,2020-08-07,cyclopoid,7.541593286
62_0078,101,2020-08-27,cyclopoid,9.708087357
62_0078,101,2020-09-17,cyclopoid,3.917710798
62_0083,204,2020-05-06,cyclopoid,8.227192675
62_0083,204,2020-05-27,cyclopoid,34.91072092
62_0083,204,2020-06-12,cyclopoid,24.68157803
62_0083,204,2020-07-21,cyclopoid,10.23828422
62_0083,204,2020-08-10,cyclopoid,5.941861377
62_0083,204,2020-08-24,cyclopoid,3.393716979
62_0083,204,2020-09-14,cyclopoid,12.72472467
62_0083,204,2020-06-29,cyclopoid,1.062679054
62_0225,201,2020-04-15,cyclopoid,18.25065575
62_0225,201,2020-05-05,cyclopoid,6.58175414
62_0225,201,2020-05-20,cyclopoid,12.32936236
62_0225,201,2020-06-11,cyclopoid,1.919678291
62_0225,201,2020-07-01,cyclopoid,82.27192675
62_0225,201,2020-07-23,cyclopoid,39.10658918
62_0225,201,2020-08-06,cyclopoid,28.38381473
62_0225,201,2020-08-26,cyclopoid,36.56530078
62_0225,201,2020-09-11,cyclopoid,13.71198779
62_0225,201,2020-10-09,cyclopoid,6.170394506
62_0231,201,2020-04-13,cyclopoid,5.503077767
62_0231,201,2020-05-04,cyclopoid,154.8028574
62_0231,201,2020-05-18,cyclopoid,62.01475012
62_0231,201,2020-06-10,cyclopoid,20.48570976
62_0231,201,2020-06-26,cyclopoid,9.598391454
62_0231,201,2020-07-17,cyclopoid,12.72746707
62_0231,201,2020-08-05,cyclopoid,12.61502877
62_0231,201,2020-08-20,cyclopoid,4.456396032
62_0231,201,2020-09-10,cyclopoid,4.387836093
62_0231,201,2020-10-08,cyclopoid,2.331037925
82_0167,234,2020-05-14,cyclopoid,3.11490656
82_0167,234,2020-06-08,cyclopoid,1.335428376
82_0167,234,2020-06-24,cyclopoid,1.34139011
82_0167,234,2020-07-16,cyclopoid,0.714451697
82_0167,234,2020-07-31,cyclopoid,4.418307177
82_0167,234,2020-08-21,cyclopoid,2.262477986
82_0167,234,2020-09-04,cyclopoid,2.301655094
82_0167,234,2020-09-23,cyclopoid,1.199798932
02_0003,204,2020-05-13,calanoid,3.702236704
02_0003,204,2020-06-04,calanoid,7.130233652
02_0003,204,2020-06-25,calanoid,1.930647881
02_0003,204,2020-07-15,calanoid,6.718874018
02_0003,204,2020-07-31,calanoid,14.16905405
02_0003,204,2020-08-18,calanoid,7.157657627
02_0003,204,2020-09-04,calanoid,3.97647646
02_0003,204,2020-09-24,calanoid,4.524955971
62_0002,207,2020-05-13,calanoid,3.910658918
62_0002,207,2020-06-04,calanoid,7.404473408
62_0002,207,2020-06-24,calanoid,8.830520138
62_0002,207,2020-07-15,calanoid,5.434517828
62_0002,207,2020-07-31,calanoid,13.16350828
62_0002,207,2020-08-18,calanoid,4.113596338
62_0002,207,2020-09-04,calanoid,3.90029875
62_0002,207,2020-09-24,calanoid,2.056798169
62_0047,201,2020-04-15,calanoid,0
62_0047,201,2020-05-05,calanoid,0
62_0047,201,2020-05-20,calanoid,0.087413922
62_0047,201,2020-06-11,calanoid,1.727710462
62_0047,201,2020-07-01,calanoid,0
62_0047,201,2020-07-23,calanoid,0
62_0047,201,2020-08-06,calanoid,0.617039451
62_0047,201,2020-08-26,calanoid,0.365653008
62_0047,201,2020-09-11,calanoid,0
62_0047,201,2020-10-09,calanoid,0.479919573
62_0054,101,2020-07-17,calanoid,8.857944114
62_0054,101,2020-04-13,calanoid,0.519341538
62_0054,101,2020-05-04,calanoid,1.30263884
62_0054,101,2020-05-18,calanoid,2.629273659
62_0054,101,2020-06-10,calanoid,11.94901793
62_0054,101,2020-06-25,calanoid,3.770796643
62_0054,101,2020-08-05,calanoid,13.16350828
62_0054,101,2020-08-20,calanoid,11.32610192
62_0054,101,2020-09-10,calanoid,1.253667455
62_0054,101,2020-10-08,calanoid,1.919678291
62_0055,201,2020-04-10,calanoid,1.332021671
62_0055,201,2020-05-01,calanoid,0.40450364
62_0055,201,2020-05-17,calanoid,1.604302572
62_0055,201,2020-05-21,calanoid,0
62_0055,201,2020-05-26,calanoid,0.548479512
62_0055,201,2020-06-26,calanoid,10.94216626
62_0055,201,2020-07-14,calanoid,15.94508295
62_0055,201,2020-08-03,calanoid,18.33488653
62_0055,201,2020-08-20,calanoid,13.98622755
62_0055,201,2020-09-06,calanoid,5.641503549
62_0055,201,2020-09-09,calanoid,10.02933964
62_0055,201,2020-10-05,calanoid,2.056798169
62_0055,201,2020-10-23,calanoid,6.216101132
62_0057,401,2020-05-07,calanoid,9.187031821
62_0057,401,2020-06-02,calanoid,29.87646254
62_0057,401,2020-06-15,calanoid,14.41717574
62_0057,401,2020-07-02,calanoid,16.79718505
62_0057,401,2020-07-22,calanoid,8.556280382
62_0057,401,2020-08-07,calanoid,5.941861377
62_0057,401,2020-08-27,calanoid,9.598391454
62_0057,401,2020-09-17,calanoid,4.113596338
62_0061,208,2020-05-08,calanoid,3.314383335
62_0061,208,2020-05-28,calanoid,3.208605143
62_0061,208,2020-06-16,calanoid,2.285331299
62_0061,208,2020-07-06,calanoid,12.76977835
62_0061,208,2020-07-24,calanoid,1.762969859
62_0061,208,2020-08-12,calanoid,2.742397558
62_0061,208,2020-09-02,calanoid,3.525939718
62_0061,208,2020-09-15,calanoid,7.404473408
62_0067,202,2020-05-27,calanoid,4.801154583
62_0067,202,2020-06-12,calanoid,10.72277445
62_0067,202,2020-06-29,calanoid,17.09062158
62_0067,202,2020-07-21,calanoid,17.10433357
62_0067,202,2020-08-10,calanoid,5.713328247
62_0067,202,2020-08-22,calanoid,8.230620672
62_0067,202,2020-09-17,calanoid,8.227192675
62_0067,202,2020-05-06,calanoid,2.742397558
62_0075,202,2020-05-08,calanoid,33.0184666
62_0075,202,2020-05-28,calanoid,12.67673271
62_0075,202,2020-06-16,calanoid,12.11454121
62_0075,202,2020-07-06,calanoid,20.97934132
62_0075,202,2020-07-24,calanoid,13.71198779
62_0075,202,2020-08-12,calanoid,8.227192675
62_0075,202,2020-09-02,calanoid,3.839356582
62_0075,202,2020-09-15,calanoid,9.87263121
62_0078,101,2020-05-06,calanoid,1.508318657
62_0078,101,2020-05-27,calanoid,2.388932984
62_0078,101,2020-06-15,calanoid,2.398618436
62_0078,101,2020-07-02,calanoid,1.974526242
62_0078,101,2020-07-22,calanoid,8.956670426
62_0078,101,2020-08-07,calanoid,2.056798169
62_0078,101,2020-08-27,calanoid,6.252666433
62_0078,101,2020-09-17,calanoid,10.38193361
62_0083,204,2020-05-06,calanoid,0.493631561
62_0083,204,2020-05-27,calanoid,6.773721969
62_0083,204,2020-06-12,calanoid,8.912792065
62_0083,204,2020-07-21,calanoid,5.119142109
62_0083,204,2020-08-10,calanoid,3.199463818
62_0083,204,2020-08-24,calanoid,2.468157803
62_0083,204,2020-09-14,calanoid,2.852093461
62_0083,204,2020-06-29,calanoid,3.613108783
62_0225,201,2020-04-15,calanoid,0
62_0225,201,2020-05-05,calanoid,0
62_0225,201,2020-05-20,calanoid,0
62_0225,201,2020-06-11,calanoid,0.071987936
62_0225,201,2020-07-01,calanoid,1.096959023
62_0225,201,2020-07-23,calanoid,2.523005754
62_0225,201,2020-08-06,calanoid,4.113596338
62_0225,201,2020-08-26,calanoid,31.99463818
62_0225,201,2020-09-11,calanoid,20.91078138
62_0225,201,2020-10-09,calanoid,3.702236704
62_0231,201,2020-04-13,calanoid,0.196538492
62_0231,201,2020-05-04,calanoid,0
62_0231,201,2020-05-18,calanoid,1.695715824
62_0231,201,2020-06-10,calanoid,8.391736529
62_0231,201,2020-06-26,calanoid,3.565116826
62_0231,201,2020-07-17,calanoid,11.47967618
62_0231,201,2020-08-05,calanoid,2.193918047
62_0231,201,2020-08-20,calanoid,7.198793591
62_0231,201,2020-09-10,calanoid,1.371198779
62_0231,201,2020-10-08,calanoid,0.274239756
82_0167,234,2020-05-14,calanoid,0.662746077
82_0167,234,2020-06-08,calanoid,1.210231966
82_0167,234,2020-06-24,calanoid,0.536556044
82_0167,234,2020-07-16,calanoid,0.08198626
82_0167,234,2020-07-31,calanoid,0.60942168
82_0167,234,2020-08-21,calanoid,1.508318657
82_0167,234,2020-09-04,calanoid,0.78354216
82_0167,234,2020-09-23,calanoid,0.171399847
02_0003,204,2020-05-13,naupli,14.80894682
02_0003,204,2020-06-04,naupli,14.43872314
02_0003,204,2020-06-25,naupli,26.54640837
02_0003,204,2020-07-15,naupli,50.87147471
02_0003,204,2020-07-31,naupli,5.027728857
02_0003,204,2020-08-18,naupli,5.923578726
02_0003,204,2020-09-04,naupli,14.2604673
02_0003,204,2020-09-24,naupli,2.262477986
62_0002,207,2020-05-13,naupli,10.59662417
62_0002,207,2020-06-04,naupli,19.5395826
62_0002,207,2020-06-24,naupli,27.75306329
62_0002,207,2020-07-15,naupli,15.74136199
62_0002,207,2020-07-31,naupli,3.839356582
62_0002,207,2020-08-18,naupli,1.066487939
62_0002,207,2020-09-04,naupli,1.462612031
62_0002,207,2020-09-24,naupli,0.731306016
62_0047,201,2020-04-15,naupli,12.40173118
62_0047,201,2020-05-05,naupli,33.15253937
62_0047,201,2020-05-20,naupli,45.89230914
62_0047,201,2020-06-11,naupli,40.60119585
62_0047,201,2020-07-01,naupli,51.06344254
62_0047,201,2020-07-23,naupli,34.55420924
62_0047,201,2020-08-06,naupli,3.702236704
62_0047,201,2020-08-26,naupli,11.33524324
62_0047,201,2020-09-11,naupli,65.8175414
62_0047,201,2020-10-09,naupli,3.359437009
62_0054,101,2020-07-17,naupli,15.11061055
62_0054,101,2020-04-13,naupli,12.81042459
62_0054,101,2020-05-04,naupli,6.65793185
62_0054,101,2020-05-18,naupli,0.20225182
62_0054,101,2020-06-10,naupli,13.02442955
62_0054,101,2020-06-25,naupli,1.599731909
62_0054,101,2020-08-05,naupli,7.678713164
62_0054,101,2020-08-20,naupli,4.607227898
62_0054,101,2020-09-10,naupli,4.387836093
62_0054,101,2020-10-08,naupli,1.096959023
62_0055,201,2020-04-10,naupli,11.65518962
62_0055,201,2020-05-01,naupli,20.22518199
62_0055,201,2020-05-17,naupli,36.09680786
62_0055,201,2020-05-21,naupli,43.70696109
62_0055,201,2020-05-26,naupli,83.64312553
62_0055,201,2020-06-26,naupli,36.21335976
62_0055,201,2020-07-14,naupli,56.4542126
62_0055,201,2020-08-03,naupli,8.462255323
62_0055,201,2020-08-20,naupli,6.58175414
62_0055,201,2020-09-06,naupli,32.08605143
62_0055,201,2020-09-09,naupli,0.940250591
62_0055,201,2020-10-05,naupli,3.085197253
62_0055,201,2020-10-23,naupli,0.731306016
62_0057,401,2020-05-07,naupli,20.29374193
62_0057,401,2020-06-02,naupli,2.248765998
62_0057,401,2020-06-15,naupli,8.470090745
62_0057,401,2020-07-02,naupli,14.10963544
62_0057,401,2020-07-22,naupli,11.28953662
62_0057,401,2020-08-07,naupli,10.96959023
62_0057,401,2020-08-27,naupli,8.912792065
62_0057,401,2020-09-17,naupli,6.298944392
62_0061,208,2020-05-08,naupli,11.78447408
62_0061,208,2020-05-28,naupli,13.72569978
62_0061,208,2020-06-16,naupli,4.244186698
62_0061,208,2020-07-06,naupli,16.61109378
62_0061,208,2020-07-24,naupli,6.522988478
62_0061,208,2020-08-12,naupli,3.164304875
62_0061,208,2020-09-02,naupli,4.231127662
62_0061,208,2020-09-15,naupli,4.113596338
62_0067,202,2020-05-27,naupli,10.94216626
62_0067,202,2020-06-12,naupli,3.99475911
62_0067,202,2020-06-29,naupli,17.2990438
62_0067,202,2020-07-21,naupli,25.76756746
62_0067,202,2020-08-10,naupli,1.599731909
62_0067,202,2020-08-22,naupli,4.031324411
62_0067,202,2020-09-17,naupli,2.154740939
62_0067,202,2020-05-06,naupli,9.402505915
62_0075,202,2020-05-08,naupli,81.39435953
62_0075,202,2020-05-28,naupli,52.18096954
62_0075,202,2020-06-16,naupli,80.50308033
62_0075,202,2020-07-06,naupli,40.10756429
62_0075,202,2020-07-24,naupli,8.912792065
62_0075,202,2020-08-12,naupli,23.03613949
62_0075,202,2020-09-02,naupli,25.77853705
62_0075,202,2020-09-15,naupli,12.61502877
62_0078,101,2020-05-06,naupli,2.262477986
62_0078,101,2020-05-27,naupli,8.361265445
62_0078,101,2020-06-15,naupli,8.665976285
62_0078,101,2020-07-02,naupli,11.84715745
62_0078,101,2020-07-22,naupli,10.09202301
62_0078,101,2020-08-07,naupli,6.627460766
62_0078,101,2020-08-27,naupli,6.58175414
62_0078,101,2020-09-17,naupli,2.938283098
62_0083,204,2020-05-06,naupli,21.55524481
62_0083,204,2020-05-27,naupli,20.32116591
62_0083,204,2020-06-12,naupli,3.427996948
62_0083,204,2020-07-21,naupli,34.73703574
62_0083,204,2020-08-10,naupli,2.742397558
62_0083,204,2020-08-24,naupli,1.974526242
62_0083,204,2020-09-14,naupli,8.556280382
62_0083,204,2020-06-29,naupli,12.96468446
62_0225,201,2020-04-15,naupli,3.619964777
62_0225,201,2020-05-05,naupli,10.65617337
62_0225,201,2020-05-20,naupli,14.98491733
62_0225,201,2020-06-11,naupli,1.655722526
62_0225,201,2020-07-01,naupli,162.3499355
62_0225,201,2020-07-23,naupli,64.75714768
62_0225,201,2020-08-06,naupli,26.32701656
62_0225,201,2020-08-26,naupli,36.56530078
62_0225,201,2020-09-11,naupli,12.34078901
62_0225,201,2020-10-09,naupli,3.393716979
62_0231,201,2020-04-13,naupli,56.7996241
62_0231,201,2020-05-04,naupli,136.1435844
62_0231,201,2020-05-18,naupli,3.875921883
62_0231,201,2020-06-10,naupli,10.61307855
62_0231,201,2020-06-26,naupli,1.371198779
62_0231,201,2020-07-17,naupli,15.47260702
62_0231,201,2020-08-05,naupli,3.839356582
62_0231,201,2020-08-20,naupli,3.085197253
62_0231,201,2020-09-10,naupli,8.227192675
62_0231,201,2020-10-08,naupli,8.912792065
82_0167,234,2020-05-14,naupli,2.054512837
82_0167,234,2020-06-08,naupli,2.170071111
82_0167,234,2020-06-24,naupli,2.575469011
82_0167,234,2020-07-16,naupli,1.932533279
82_0167,234,2020-07-31,naupli,7.008349316
82_0167,234,2020-08-21,naupli,3.016637314
82_0167,234,2020-09-04,naupli,1.762969859
82_0167,234,2020-09-23,naupli,2.056798169
02_0003,204,2020-05-13,rotifers,2.673837619
02_0003,204,2020-06-04,rotifers,0.891279206
02_0003,204,2020-06-25,rotifers,2.895971822
02_0003,204,2020-07-15,rotifers,2.239624673
02_0003,204,2020-07-31,rotifers,2.742397558
02_0003,204,2020-08-18,rotifers,0
02_0003,204,2020-09-04,rotifers,0
02_0003,204,2020-09-24,rotifers,0.102839908
62_0002,207,2020-05-13,rotifers,2.396855466
62_0002,207,2020-06-04,rotifers,1.851118352
62_0002,207,2020-06-24,rotifers,2.365317894
62_0002,207,2020-07-15,rotifers,1.030684416
62_0002,207,2020-07-31,rotifers,2.468157803
62_0002,207,2020-08-18,rotifers,0
62_0002,207,2020-09-04,rotifers,0
62_0002,207,2020-09-24,rotifers,0
62_0047,201,2020-04-15,rotifers,0.901944086
62_0047,201,2020-05-05,rotifers,0.390029875
62_0047,201,2020-05-20,rotifers,0.874139222
62_0047,201,2020-06-11,rotifers,0
62_0047,201,2020-07-01,rotifers,1.042111072
62_0047,201,2020-07-23,rotifers,0
62_0047,201,2020-08-06,rotifers,206.708216
62_0047,201,2020-08-26,rotifers,8.775672187
62_0047,201,2020-09-11,rotifers,1.096959023
62_0047,201,2020-10-09,rotifers,0
62_0054,101,2020-07-17,rotifers,3.300018395
62_0054,101,2020-04-13,rotifers,2.07736615
62_0054,101,2020-05-04,rotifers,2.026327085
62_0054,101,2020-05-18,rotifers,0.20225182
62_0054,101,2020-06-10,rotifers,1.553372331
62_0054,101,2020-06-25,rotifers,1.142665649
62_0054,101,2020-08-05,rotifers,0.219391805
62_0054,101,2020-08-20,rotifers,0
62_0054,101,2020-09-10,rotifers,0.156708432
62_0054,101,2020-10-08,rotifers,0
62_0055,201,2020-04-10,rotifers,4.329070431
62_0055,201,2020-05-01,rotifers,9.708087357
62_0055,201,2020-05-17,rotifers,4.812907715
62_0055,201,2020-05-21,rotifers,1.199798932
62_0055,201,2020-05-26,rotifers,3.153757192
62_0055,201,2020-06-26,rotifers,6.513194201
62_0055,201,2020-07-14,rotifers,0.861896375
62_0055,201,2020-08-03,rotifers,0.705187944
62_0055,201,2020-08-20,rotifers,0
62_0055,201,2020-09-06,rotifers,8.814849295
62_0055,201,2020-09-09,rotifers,0
62_0055,201,2020-10-05,rotifers,0.68559939
62_0055,201,2020-10-23,rotifers,330.550319
62_0057,401,2020-05-07,rotifers,1.096959023
62_0057,401,2020-06-02,rotifers,1.927513712
62_0057,401,2020-06-15,rotifers,5.046011507
62_0057,401,2020-07-02,rotifers,4.031324411
62_0057,401,2020-07-22,rotifers,0.713023365
62_0057,401,2020-08-07,rotifers,0
62_0057,401,2020-08-27,rotifers,0
62_0057,401,2020-09-17,rotifers,0.128549886
62_0061,208,2020-05-08,rotifers,2.025456482
62_0061,208,2020-05-28,rotifers,0.356511683
62_0061,208,2020-06-16,rotifers,1.828265039
62_0061,208,2020-07-06,rotifers,1.661109378
62_0061,208,2020-07-24,rotifers,7.757067379
62_0061,208,2020-08-12,rotifers,0.210953658
62_0061,208,2020-09-02,rotifers,0.235062648
62_0061,208,2020-09-15,rotifers,0.822719268
62_0067,202,2020-05-27,rotifers,0.223309515
62_0067,202,2020-06-12,rotifers,0.210250479
62_0067,202,2020-06-29,rotifers,0.833688858
62_0067,202,2020-07-21,rotifers,0.888536809
62_0067,202,2020-08-10,rotifers,0
62_0067,202,2020-08-22,rotifers,0
62_0067,202,2020-09-17,rotifers,0
62_0067,202,2020-05-06,rotifers,1.958855399
62_0075,202,2020-05-08,rotifers,16.12529764
62_0075,202,2020-05-28,rotifers,2.063654163
62_0075,202,2020-06-16,rotifers,9.769791302
62_0075,202,2020-07-06,rotifers,4.319276154
62_0075,202,2020-07-24,rotifers,0
62_0075,202,2020-08-12,rotifers,0
62_0075,202,2020-09-02,rotifers,0
62_0075,202,2020-09-15,rotifers,0
62_0078,101,2020-05-06,rotifers,0.452495597
62_0078,101,2020-05-27,rotifers,0.511914211
62_0078,101,2020-06-15,rotifers,3.481865471
62_0078,101,2020-07-02,rotifers,1.096959023
62_0078,101,2020-07-22,rotifers,1.009202301
62_0078,101,2020-08-07,rotifers,0
62_0078,101,2020-08-27,rotifers,0.493631561
62_0078,101,2020-09-17,rotifers,0
62_0083,204,2020-05-06,rotifers,2.303613949
62_0083,204,2020-05-27,rotifers,5.731610897
62_0083,204,2020-06-12,rotifers,0
62_0083,204,2020-07-21,rotifers,1.828265039
62_0083,204,2020-08-10,rotifers,0
62_0083,204,2020-08-24,rotifers,0
62_0083,204,2020-09-14,rotifers,0
62_0083,204,2020-06-29,rotifers,3.931912499
62_0225,201,2020-04-15,rotifers,1.508318657
62_0225,201,2020-05-05,rotifers,0.156708432
62_0225,201,2020-05-20,rotifers,2.845237467
62_0225,201,2020-06-11,rotifers,0
62_0225,201,2020-07-01,rotifers,21.93918047
62_0225,201,2020-07-23,rotifers,6.307514384
62_0225,201,2020-08-06,rotifers,2.056798169
62_0225,201,2020-08-26,rotifers,1.828265039
62_0225,201,2020-09-11,rotifers,3.085197253
62_0225,201,2020-10-09,rotifers,0.617039451
62_0231,201,2020-04-13,rotifers,0
62_0231,201,2020-05-04,rotifers,7.601926032
62_0231,201,2020-05-18,rotifers,0.484490235
62_0231,201,2020-06-10,rotifers,2.714973583
62_0231,201,2020-06-26,rotifers,0.822719268
62_0231,201,2020-07-17,rotifers,12.72746707
62_0231,201,2020-08-05,rotifers,2.193918047
62_0231,201,2020-08-20,rotifers,0.342799695
62_0231,201,2020-09-10,rotifers,0.365653008
62_0231,201,2020-10-08,rotifers,0
82_0167,234,2020-05-14,rotifers,0.265098431
82_0167,234,2020-06-08,rotifers,0.500785641
82_0167,234,2020-06-24,rotifers,0.429244835
82_0167,234,2020-07-16,rotifers,0.046849292
82_0167,234,2020-07-31,rotifers,0
82_0167,234,2020-08-21,rotifers,0
82_0167,234,2020-09-04,rotifers,0
82_0167,234,2020-09-23,rotifers,0
02_0003,204,2020-05-13,daphnia,3.702236704
02_0003,204,2020-06-04,daphnia,26.20360867
02_0003,204,2020-06-25,daphnia,1.689316896
02_0003,204,2020-07-15,daphnia,1.919678291
02_0003,204,2020-07-31,daphnia,0
02_0003,204,2020-08-18,daphnia,1.974526242
02_0003,204,2020-09-04,daphnia,0.137119878
02_0003,204,2020-09-24,daphnia,0
62_0002,207,2020-05-13,daphnia,12.99347963
62_0002,207,2020-06-04,daphnia,9.461271576
62_0002,207,2020-06-24,daphnia,4.415260069
62_0002,207,2020-07-15,daphnia,0.749588666
62_0002,207,2020-07-31,daphnia,2.468157803
62_0002,207,2020-08-18,daphnia,10.66487939
62_0002,207,2020-09-04,daphnia,0.487537344
62_0002,207,2020-09-24,daphnia,1.325492153
62_0047,201,2020-04-15,daphnia,0.901944086
62_0047,201,2020-05-05,daphnia,3.120239
62_0047,201,2020-05-20,daphnia,1.573450599
62_0047,201,2020-06-11,daphnia,66.51685278
62_0047,201,2020-07-01,daphnia,6.773721969
62_0047,201,2020-07-23,daphnia,8.638552309
62_0047,201,2020-08-06,daphnia,2.468157803
62_0047,201,2020-08-26,daphnia,32.9087707
62_0047,201,2020-09-11,daphnia,57.04186921
62_0047,201,2020-10-09,daphnia,14.39758718
62_0054,101,2020-07-17,daphnia,2.952648038
62_0054,101,2020-04-13,daphnia,0.346227692
62_0054,101,2020-05-04,daphnia,2.315802383
62_0054,101,2020-05-18,daphnia,11.32610192
62_0054,101,2020-06-10,daphnia,3.226234842
62_0054,101,2020-06-25,daphnia,6.855993896
62_0054,101,2020-08-05,daphnia,2.632701656
62_0054,101,2020-08-20,daphnia,1.919678291
62_0054,101,2020-09-10,daphnia,1.567084319
62_0054,101,2020-10-08,daphnia,0.617039451
62_0055,201,2020-04-10,daphnia,0.832513545
62_0055,201,2020-05-01,daphnia,5.663050958
62_0055,201,2020-05-17,daphnia,4.278140191
62_0055,201,2020-05-21,daphnia,4.799195727
62_0055,201,2020-05-26,daphnia,1.096959023
62_0055,201,2020-06-26,daphnia,2.865805449
62_0055,201,2020-07-14,daphnia,14.2212902
62_0055,201,2020-08-03,daphnia,0.705187944
62_0055,201,2020-08-20,daphnia,5.759034873
62_0055,201,2020-09-06,daphnia,3.525939718
62_0055,201,2020-09-09,daphnia,0.940250591
62_0055,201,2020-10-05,daphnia,3.085197253
62_0055,201,2020-10-23,daphnia,3.656530078
62_0057,401,2020-05-07,daphnia,0.959839145
62_0057,401,2020-06-02,daphnia,9.958820848
62_0057,401,2020-06-15,daphnia,1.441717574
62_0057,401,2020-07-02,daphnia,1.119812336
62_0057,401,2020-07-22,daphnia,2.495581778
62_0057,401,2020-08-07,daphnia,1.142665649
62_0057,401,2020-08-27,daphnia,14.39758718
62_0057,401,2020-09-17,daphnia,6.684594049
62_0061,208,2020-05-08,daphnia,3.314383335
62_0061,208,2020-05-28,daphnia,7.843257017
62_0061,208,2020-06-16,daphnia,3.591234898
62_0061,208,2020-07-06,daphnia,5.398605479
62_0061,208,2020-07-24,daphnia,0.705187944
62_0061,208,2020-08-12,daphnia,2.320490242
62_0061,208,2020-09-02,daphnia,2.820751774
62_0061,208,2020-09-15,daphnia,2.879517436
62_0067,202,2020-05-27,daphnia,16.97152318
62_0067,202,2020-06-12,daphnia,6.517764864
62_0067,202,2020-06-29,daphnia,8.753733006
62_0067,202,2020-07-21,daphnia,7.108294471
62_0067,202,2020-08-10,daphnia,11.88372275
62_0067,202,2020-08-22,daphnia,10.91817028
62_0067,202,2020-09-17,daphnia,7.639536056
62_0067,202,2020-05-06,daphnia,13.32021671
62_0075,202,2020-05-08,daphnia,8.44658448
62_0075,202,2020-05-28,daphnia,4.7169238
62_0075,202,2020-06-16,daphnia,15.63166608
62_0075,202,2020-07-06,daphnia,2.468157803
62_0075,202,2020-07-24,daphnia,0
62_0075,202,2020-08-12,daphnia,0
62_0075,202,2020-09-02,daphnia,17.55134437
62_0075,202,2020-09-15,daphnia,3.839356582
62_0078,101,2020-05-06,daphnia,9.804071271
62_0078,101,2020-05-27,daphnia,6.996160882
62_0078,101,2020-06-15,daphnia,5.106736025
62_0078,101,2020-07-02,daphnia,11.84715745
62_0078,101,2020-07-22,daphnia,2.270705178
62_0078,101,2020-08-07,daphnia,0
62_0078,101,2020-08-27,daphnia,0
62_0078,101,2020-09-17,daphnia,1.762969859
62_0083,204,2020-05-06,daphnia,0.329087707
62_0083,204,2020-05-27,daphnia,2.344749912
62_0083,204,2020-06-12,daphnia,85.6999237
62_0083,204,2020-07-21,daphnia,11.70089625
62_0083,204,2020-08-10,daphnia,0.914132519
62_0083,204,2020-08-24,daphnia,0
62_0083,204,2020-09-14,daphnia,0.219391805
62_0083,204,2020-06-29,daphnia,7.651289188
62_0225,201,2020-04-15,daphnia,2.11164612
62_0225,201,2020-05-05,daphnia,0.313416864
62_0225,201,2020-05-20,daphnia,0.189682498
62_0225,201,2020-06-11,daphnia,2.8075295
62_0225,201,2020-07-01,daphnia,14.2604673
62_0225,201,2020-07-23,daphnia,9.671522056
62_0225,201,2020-08-06,daphnia,5.347675239
62_0225,201,2020-08-26,daphnia,22.85331299
62_0225,201,2020-09-11,daphnia,4.799195727
62_0225,201,2020-10-09,daphnia,6.787433957
62_0231,201,2020-04-13,daphnia,0
62_0231,201,2020-05-04,daphnia,0
62_0231,201,2020-05-18,daphnia,6.540618177
62_0231,201,2020-06-10,daphnia,38.00963016
62_0231,201,2020-06-26,daphnia,23.03613949
62_0231,201,2020-07-17,daphnia,2.745139956
62_0231,201,2020-08-05,daphnia,7.952952919
62_0231,201,2020-08-20,daphnia,0
62_0231,201,2020-09-10,daphnia,0
62_0231,201,2020-10-08,daphnia,0.68559939
82_0167,234,2020-05-14,daphnia,0.828432596
82_0167,234,2020-06-08,daphnia,6.927534702
82_0167,234,2020-06-24,daphnia,0.214622418
82_0167,234,2020-07-16,daphnia,0.784725635
82_0167,234,2020-07-31,daphnia,0.914132519
82_0167,234,2020-08-21,daphnia,1.634011879
82_0167,234,2020-09-04,daphnia,0.636628005
82_0167,234,2020-09-23,daphnia,0.321374714
02_0003,204,2020-05-13,bosmina,7.198793591
02_0003,204,2020-06-04,bosmina,25.84709699
02_0003,204,2020-06-25,bosmina,7.96392251
02_0003,204,2020-07-15,bosmina,30.07495989
02_0003,204,2020-07-31,bosmina,4.570662597
02_0003,204,2020-08-18,bosmina,8.144920748
02_0003,204,2020-09-04,bosmina,0.137119878
02_0003,204,2020-09-24,bosmina,1.028399084
62_0002,207,2020-05-13,bosmina,1.766104028
62_0002,207,2020-06-04,bosmina,4.319276154
62_0002,207,2020-06-24,bosmina,6.465202244
62_0002,207,2020-07-15,bosmina,1.780273082
62_0002,207,2020-07-31,bosmina,3.29087707
62_0002,207,2020-08-18,bosmina,1.371198779
62_0002,207,2020-09-04,bosmina,3.778414414
62_0002,207,2020-09-24,bosmina,2.696690932
62_0047,201,2020-04-15,bosmina,0.676458064
62_0047,201,2020-05-05,bosmina,0.78005975
62_0047,201,2020-05-20,bosmina,0.524483533
62_0047,201,2020-06-11,bosmina,0.431927615
62_0047,201,2020-07-01,bosmina,1.042111072
62_0047,201,2020-07-23,bosmina,11.10671011
62_0047,201,2020-08-06,bosmina,1.234078901
62_0047,201,2020-08-26,bosmina,19.74526242
62_0047,201,2020-09-11,bosmina,59.23578726
62_0047,201,2020-10-09,bosmina,8.638552309
62_0054,101,2020-07-17,bosmina,0.173685179
62_0054,101,2020-04-13,bosmina,0
62_0054,101,2020-05-04,bosmina,0.434212947
62_0054,101,2020-05-18,bosmina,0.60675546
62_0054,101,2020-06-10,bosmina,0.358470538
62_0054,101,2020-06-25,bosmina,0.22853313
62_0054,101,2020-08-05,bosmina,0.438783609
62_0054,101,2020-08-20,bosmina,0.767871316
62_0054,101,2020-09-10,bosmina,0
62_0054,101,2020-10-08,bosmina,0.137119878
62_0055,201,2020-04-10,bosmina,7.65912461
62_0055,201,2020-05-01,bosmina,19.41617471
62_0055,201,2020-05-17,bosmina,43.5835532
62_0055,201,2020-05-21,bosmina,10.96959023
62_0055,201,2020-05-26,bosmina,4.113596338
62_0055,201,2020-06-26,bosmina,285.7989615
62_0055,201,2020-07-14,bosmina,1.723792751
62_0055,201,2020-08-03,bosmina,3.173345746
62_0055,201,2020-08-20,bosmina,0
62_0055,201,2020-09-06,bosmina,82.85958337
62_0055,201,2020-09-09,bosmina,8.775672187
62_0055,201,2020-10-05,bosmina,1.028399084
62_0055,201,2020-10-23,bosmina,1.828265039
62_0057,401,2020-05-07,bosmina,1.371198779
62_0057,401,2020-06-02,bosmina,6.103793423
62_0057,401,2020-06-15,bosmina,2.342791057
62_0057,401,2020-07-02,bosmina,3.359437009
62_0057,401,2020-07-22,bosmina,5.466512466
62_0057,401,2020-08-07,bosmina,0.914132519
62_0057,401,2020-08-27,bosmina,16.45438535
62_0057,401,2020-09-17,bosmina,3.342297024
62_0061,208,2020-05-08,bosmina,12.3368713
62_0061,208,2020-05-28,bosmina,8.734536223
62_0061,208,2020-06-16,bosmina,2.220036119
62_0061,208,2020-07-06,bosmina,5.294786143
62_0061,208,2020-07-24,bosmina,0.528890958
62_0061,208,2020-08-12,bosmina,0.843814633
62_0061,208,2020-09-02,bosmina,0.705187944
62_0061,208,2020-09-15,bosmina,1.439758718
62_0067,202,2020-05-27,bosmina,0.558273789
62_0067,202,2020-06-12,bosmina,0
62_0067,202,2020-06-29,bosmina,0
62_0067,202,2020-07-21,bosmina,0
62_0067,202,2020-08-10,bosmina,0.68559939
62_0067,202,2020-08-22,bosmina,0
62_0067,202,2020-09-17,bosmina,0.78354216
62_0067,202,2020-05-06,bosmina,0.58765662
62_0075,202,2020-05-08,bosmina,72.17990374
62_0075,202,2020-05-28,bosmina,15.62481009
62_0075,202,2020-06-16,bosmina,37.12520695
62_0075,202,2020-07-06,bosmina,0
62_0075,202,2020-07-24,bosmina,2.056798169
62_0075,202,2020-08-12,bosmina,0
62_0075,202,2020-09-02,bosmina,0.548479512
62_0075,202,2020-09-15,bosmina,5.484795117
62_0078,101,2020-05-06,bosmina,0.226247799
62_0078,101,2020-05-27,bosmina,0
62_0078,101,2020-06-15,bosmina,0.077374788
62_0078,101,2020-07-02,bosmina,0.219391805
62_0078,101,2020-07-22,bosmina,6.938265823
62_0078,101,2020-08-07,bosmina,0
62_0078,101,2020-08-27,bosmina,0.329087707
62_0078,101,2020-09-17,bosmina,0.19588554
62_0083,204,2020-05-06,bosmina,0.164543854
62_0083,204,2020-05-27,bosmina,0
62_0083,204,2020-06-12,bosmina,0.68559939
62_0083,204,2020-07-21,bosmina,46.803585
62_0083,204,2020-08-10,bosmina,0.914132519
62_0083,204,2020-08-24,bosmina,0
62_0083,204,2020-09-14,bosmina,0
62_0083,204,2020-06-29,bosmina,2.337893919
62_0225,201,2020-04-15,bosmina,0.150831866
62_0225,201,2020-05-05,bosmina,0
62_0225,201,2020-05-20,bosmina,0.569047493
62_0225,201,2020-06-11,bosmina,0.047991957
62_0225,201,2020-07-01,bosmina,18.6483034
62_0225,201,2020-07-23,bosmina,35.32208055
62_0225,201,2020-08-06,bosmina,29.61789363
62_0225,201,2020-08-26,bosmina,18.28265039
62_0225,201,2020-09-11,bosmina,9.598391454
62_0225,201,2020-10-09,bosmina,10.48967066
62_0231,201,2020-04-13,bosmina,0.982692458
62_0231,201,2020-05-04,bosmina,24.18794647
62_0231,201,2020-05-18,bosmina,35.12554206
62_0231,201,2020-06-10,bosmina,8.144920748
62_0231,201,2020-06-26,bosmina,1.096959023
62_0231,201,2020-07-17,bosmina,20.96288694
62_0231,201,2020-08-05,bosmina,6.58175414
62_0231,201,2020-08-20,bosmina,32.56597101
62_0231,201,2020-09-10,bosmina,2.468157803
62_0231,201,2020-10-08,bosmina,9.598391454
82_0167,234,2020-05-14,bosmina,0.729020684
82_0167,234,2020-06-08,bosmina,1.627553334
82_0167,234,2020-06-24,bosmina,0.429244835
82_0167,234,2020-07-16,bosmina,0.585616145
82_0167,234,2020-07-31,bosmina,0.15235542
82_0167,234,2020-08-21,bosmina,0.628466107
82_0167,234,2020-09-04,bosmina,0.19588554
82_0167,234,2020-09-23,bosmina,0.192824828
02_0003,204,2020-05-13,chydorus,0.205679817
02_0003,204,2020-06-04,chydorus,0.891279206
02_0003,204,2020-06-25,chydorus,12.06654926
02_0003,204,2020-07-15,chydorus,0.639892764
02_0003,204,2020-07-31,chydorus,0
02_0003,204,2020-08-18,chydorus,0.987263121
02_0003,204,2020-09-04,chydorus,0
02_0003,204,2020-09-24,chydorus,0.205679817
62_0002,207,2020-05-13,chydorus,2.270705178
62_0002,207,2020-06-04,chydorus,0
62_0002,207,2020-06-24,chydorus,0
62_0002,207,2020-07-15,chydorus,0
62_0002,207,2020-07-31,chydorus,2.742397558
62_0002,207,2020-08-18,chydorus,0.45706626
62_0002,207,2020-09-04,chydorus,0.243768672
62_0002,207,2020-09-24,chydorus,0
62_0047,201,2020-04-15,chydorus,0.225486021
62_0047,201,2020-05-05,chydorus,2.145164312
62_0047,201,2020-05-20,chydorus,0.174827844
62_0047,201,2020-06-11,chydorus,0
62_0047,201,2020-07-01,chydorus,0
62_0047,201,2020-07-23,chydorus,0
62_0047,201,2020-08-06,chydorus,0.617039451
62_0047,201,2020-08-26,chydorus,0.365653008
62_0047,201,2020-09-11,chydorus,1.096959023
62_0047,201,2020-10-09,chydorus,0
62_0054,101,2020-07-17,chydorus,0
62_0054,101,2020-04-13,chydorus,0.173113846
62_0054,101,2020-05-04,chydorus,1.30263884
62_0054,101,2020-05-18,chydorus,3.842784579
62_0054,101,2020-06-10,chydorus,0
62_0054,101,2020-06-25,chydorus,0
62_0054,101,2020-08-05,chydorus,0.658175414
62_0054,101,2020-08-20,chydorus,0.191967829
62_0054,101,2020-09-10,chydorus,0
62_0054,101,2020-10-08,chydorus,0.068559939
62_0055,201,2020-04-10,chydorus,1.998032507
62_0055,201,2020-05-01,chydorus,1.618014559
62_0055,201,2020-05-17,chydorus,2.139070096
62_0055,201,2020-05-21,chydorus,1.713998474
62_0055,201,2020-05-26,chydorus,0.274239756
62_0055,201,2020-06-26,chydorus,0.260527768
62_0055,201,2020-07-14,chydorus,48.26619703
62_0055,201,2020-08-03,chydorus,81.44920748
62_0055,201,2020-08-20,chydorus,148.0894682
62_0055,201,2020-09-06,chydorus,0
62_0055,201,2020-09-09,chydorus,157.6486825
62_0055,201,2020-10-05,chydorus,16.45438535
62_0055,201,2020-10-23,chydorus,4.753489101
62_0057,401,2020-05-07,chydorus,0
62_0057,401,2020-06-02,chydorus,0
62_0057,401,2020-06-15,chydorus,0
62_0057,401,2020-07-02,chydorus,10.07831103
62_0057,401,2020-07-22,chydorus,0
62_0057,401,2020-08-07,chydorus,3.427996948
62_0057,401,2020-08-27,chydorus,13.71198779
62_0057,401,2020-09-17,chydorus,4.62779588
62_0061,208,2020-05-08,chydorus,0
62_0061,208,2020-05-28,chydorus,0
62_0061,208,2020-06-16,chydorus,0
62_0061,208,2020-07-06,chydorus,1.868748051
62_0061,208,2020-07-24,chydorus,1.586672873
62_0061,208,2020-08-12,chydorus,5.484795117
62_0061,208,2020-09-02,chydorus,0.117531324
62_0061,208,2020-09-15,chydorus,0.205679817
62_0067,202,2020-05-27,chydorus,0
62_0067,202,2020-06-12,chydorus,0
62_0067,202,2020-06-29,chydorus,0
62_0067,202,2020-07-21,chydorus,0
62_0067,202,2020-08-10,chydorus,0
62_0067,202,2020-08-22,chydorus,0
62_0067,202,2020-09-17,chydorus,0
62_0067,202,2020-05-06,chydorus,0
62_0075,202,2020-05-08,chydorus,0
62_0075,202,2020-05-28,chydorus,0.294807738
62_0075,202,2020-06-16,chydorus,0
62_0075,202,2020-07-06,chydorus,22.83045967
62_0075,202,2020-07-24,chydorus,62.38954445
62_0075,202,2020-08-12,chydorus,93.24151699
62_0075,202,2020-09-02,chydorus,25.77853705
62_0075,202,2020-09-15,chydorus,4.387836093
62_0078,101,2020-05-06,chydorus,0.075415933
62_0078,101,2020-05-27,chydorus,0.255957105
62_0078,101,2020-06-15,chydorus,0
62_0078,101,2020-07-02,chydorus,0.877567219
62_0078,101,2020-07-22,chydorus,5.676762946
62_0078,101,2020-08-07,chydorus,0
62_0078,101,2020-08-27,chydorus,1.480894682
62_0078,101,2020-09-17,chydorus,0.19588554
62_0083,204,2020-05-06,chydorus,0
62_0083,204,2020-05-27,chydorus,0
62_0083,204,2020-06-12,chydorus,0
62_0083,204,2020-07-21,chydorus,0
62_0083,204,2020-08-10,chydorus,0.22853313
62_0083,204,2020-08-24,chydorus,0
62_0083,204,2020-09-14,chydorus,0
62_0083,204,2020-06-29,chydorus,0
62_0225,201,2020-04-15,chydorus,0
62_0225,201,2020-05-05,chydorus,0.156708432
62_0225,201,2020-05-20,chydorus,1.896824978
62_0225,201,2020-06-11,chydorus,0
62_0225,201,2020-07-01,chydorus,0
62_0225,201,2020-07-23,chydorus,0
62_0225,201,2020-08-06,chydorus,0
62_0225,201,2020-08-26,chydorus,0
62_0225,201,2020-09-11,chydorus,0
62_0225,201,2020-10-09,chydorus,0
62_0231,201,2020-04-13,chydorus,0
62_0231,201,2020-05-04,chydorus,11.05734696
62_0231,201,2020-05-18,chydorus,0
62_0231,201,2020-06-10,chydorus,0
62_0231,201,2020-06-26,chydorus,0
62_0231,201,2020-07-17,chydorus,0
62_0231,201,2020-08-05,chydorus,3.29087707
62_0231,201,2020-08-20,chydorus,2.399597864
62_0231,201,2020-09-10,chydorus,0.822719268
62_0231,201,2020-10-08,chydorus,0
82_0167,234,2020-05-14,chydorus,0.364510342
82_0167,234,2020-06-08,chydorus,1.377160513
82_0167,234,2020-06-24,chydorus,5.687494067
82_0167,234,2020-07-16,chydorus,0
82_0167,234,2020-07-31,chydorus,0
82_0167,234,2020-08-21,chydorus,0
82_0167,234,2020-09-04,chydorus,0.048971385
82_0167,234,2020-09-23,chydorus,0
02_0003,204,2020-05-13,ceriodaphnia,0
02_0003,204,2020-06-04,ceriodaphnia,0
02_0003,204,2020-06-25,ceriodaphnia,0
02_0003,204,2020-07-15,ceriodaphnia,0
02_0003,204,2020-07-31,ceriodaphnia,3.656530078
02_0003,204,2020-08-18,ceriodaphnia,0
02_0003,204,2020-09-04,ceriodaphnia,3.565116826
02_0003,204,2020-09-24,ceriodaphnia,0.308519725
62_0002,207,2020-05-13,ceriodaphnia,0
62_0002,207,2020-06-04,ceriodaphnia,0
62_0002,207,2020-06-24,ceriodaphnia,0
62_0002,207,2020-07-15,ceriodaphnia,0
62_0002,207,2020-07-31,ceriodaphnia,0
62_0002,207,2020-08-18,ceriodaphnia,0
62_0002,207,2020-09-04,ceriodaphnia,0
62_0002,207,2020-09-24,ceriodaphnia,0
62_0047,201,2020-04-15,ceriodaphnia,0
62_0047,201,2020-05-05,ceriodaphnia,0
62_0047,201,2020-05-20,ceriodaphnia,0
62_0047,201,2020-06-11,ceriodaphnia,0
62_0047,201,2020-07-01,ceriodaphnia,0
62_0047,201,2020-07-23,ceriodaphnia,0
62_0047,201,2020-08-06,ceriodaphnia,0
62_0047,201,2020-08-26,ceriodaphnia,0
62_0047,201,2020-09-11,ceriodaphnia,0
62_0047,201,2020-10-09,ceriodaphnia,0
62_0054,101,2020-07-17,ceriodaphnia,0
62_0054,101,2020-04-13,ceriodaphnia,0
62_0054,101,2020-05-04,ceriodaphnia,0
62_0054,101,2020-05-18,ceriodaphnia,0
62_0054,101,2020-06-10,ceriodaphnia,0
62_0054,101,2020-06-25,ceriodaphnia,0
62_0054,101,2020-08-05,ceriodaphnia,0
62_0054,101,2020-08-20,ceriodaphnia,0
62_0054,101,2020-09-10,ceriodaphnia,0
62_0054,101,2020-10-08,ceriodaphnia,0
62_0055,201,2020-04-10,ceriodaphnia,0
62_0055,201,2020-05-01,ceriodaphnia,0
62_0055,201,2020-05-17,ceriodaphnia,0
62_0055,201,2020-05-21,ceriodaphnia,0
62_0055,201,2020-05-26,ceriodaphnia,0
62_0055,201,2020-06-26,ceriodaphnia,0
62_0055,201,2020-07-14,ceriodaphnia,0
62_0055,201,2020-08-03,ceriodaphnia,1.410375887
62_0055,201,2020-08-20,ceriodaphnia,0
62_0055,201,2020-09-06,ceriodaphnia,0
62_0055,201,2020-09-09,ceriodaphnia,0
62_0055,201,2020-10-05,ceriodaphnia,0.342799695
62_0055,201,2020-10-23,ceriodaphnia,0
62_0057,401,2020-05-07,ceriodaphnia,0
62_0057,401,2020-06-02,ceriodaphnia,0
62_0057,401,2020-06-15,ceriodaphnia,0.360429393
62_0057,401,2020-07-02,ceriodaphnia,0
62_0057,401,2020-07-22,ceriodaphnia,0
62_0057,401,2020-08-07,ceriodaphnia,0.914132519
62_0057,401,2020-08-27,ceriodaphnia,0
62_0057,401,2020-09-17,ceriodaphnia,0
62_0061,208,2020-05-08,ceriodaphnia,0
62_0061,208,2020-05-28,ceriodaphnia,0
62_0061,208,2020-06-16,ceriodaphnia,0
62_0061,208,2020-07-06,ceriodaphnia,0.519096681
62_0061,208,2020-07-24,ceriodaphnia,0
62_0061,208,2020-08-12,ceriodaphnia,0
62_0061,208,2020-09-02,ceriodaphnia,0.117531324
62_0061,208,2020-09-15,ceriodaphnia,0
62_0067,202,2020-05-27,ceriodaphnia,0
62_0067,202,2020-06-12,ceriodaphnia,0.630751438
62_0067,202,2020-06-29,ceriodaphnia,0
62_0067,202,2020-07-21,ceriodaphnia,1.332805213
62_0067,202,2020-08-10,ceriodaphnia,0
62_0067,202,2020-08-22,ceriodaphnia,0
62_0067,202,2020-09-17,ceriodaphnia,0
62_0067,202,2020-05-06,ceriodaphnia,0
62_0075,202,2020-05-08,ceriodaphnia,0
62_0075,202,2020-05-28,ceriodaphnia,0
62_0075,202,2020-06-16,ceriodaphnia,0
62_0075,202,2020-07-06,ceriodaphnia,0
62_0075,202,2020-07-24,ceriodaphnia,0
62_0075,202,2020-08-12,ceriodaphnia,0
62_0075,202,2020-09-02,ceriodaphnia,0
62_0075,202,2020-09-15,ceriodaphnia,0
62_0078,101,2020-05-06,ceriodaphnia,0
62_0078,101,2020-05-27,ceriodaphnia,0
62_0078,101,2020-06-15,ceriodaphnia,0
62_0078,101,2020-07-02,ceriodaphnia,0
62_0078,101,2020-07-22,ceriodaphnia,0
62_0078,101,2020-08-07,ceriodaphnia,0
62_0078,101,2020-08-27,ceriodaphnia,0
62_0078,101,2020-09-17,ceriodaphnia,0
62_0083,204,2020-05-06,ceriodaphnia,0
62_0083,204,2020-05-27,ceriodaphnia,0
62_0083,204,2020-06-12,ceriodaphnia,0
62_0083,204,2020-07-21,ceriodaphnia,0
62_0083,204,2020-08-10,ceriodaphnia,0
62_0083,204,2020-08-24,ceriodaphnia,0
62_0083,204,2020-09-14,ceriodaphnia,0
62_0083,204,2020-06-29,ceriodaphnia,0.425071622
62_0225,201,2020-04-15,ceriodaphnia,0
62_0225,201,2020-05-05,ceriodaphnia,0
62_0225,201,2020-05-20,ceriodaphnia,0
62_0225,201,2020-06-11,ceriodaphnia,0.071987936
62_0225,201,2020-07-01,ceriodaphnia,0
62_0225,201,2020-07-23,ceriodaphnia,0
62_0225,201,2020-08-06,ceriodaphnia,0
62_0225,201,2020-08-26,ceriodaphnia,0
62_0225,201,2020-09-11,ceriodaphnia,0
62_0225,201,2020-10-09,ceriodaphnia,0
62_0231,201,2020-04-13,ceriodaphnia,0
62_0231,201,2020-05-04,ceriodaphnia,0
62_0231,201,2020-05-18,ceriodaphnia,0
62_0231,201,2020-06-10,ceriodaphnia,0
62_0231,201,2020-06-26,ceriodaphnia,0
62_0231,201,2020-07-17,ceriodaphnia,0
62_0231,201,2020-08-05,ceriodaphnia,0
62_0231,201,2020-08-20,ceriodaphnia,1.713998474
62_0231,201,2020-09-10,ceriodaphnia,0
62_0231,201,2020-10-08,ceriodaphnia,0.137119878
82_0167,234,2020-05-14,ceriodaphnia,0
82_0167,234,2020-06-08,ceriodaphnia,0
82_0167,234,2020-06-24,ceriodaphnia,0
82_0167,234,2020-07-16,ceriodaphnia,0
82_0167,234,2020-07-31,ceriodaphnia,0
82_0167,234,2020-08-21,ceriodaphnia,0
82_0167,234,2020-09-04,ceriodaphnia,0
82_0167,234,2020-09-23,ceriodaphnia,0
02_0003,204,2020-05-13,diaphnosoma,0
02_0003,204,2020-06-04,diaphnosoma,4.634651874
02_0003,204,2020-06-25,diaphnosoma,4.826619703
02_0003,204,2020-07-15,diaphnosoma,27.19544245
02_0003,204,2020-07-31,diaphnosoma,21.48211421
02_0003,204,2020-08-18,diaphnosoma,4.689499825
02_0003,204,2020-09-04,diaphnosoma,10.14687097
02_0003,204,2020-09-24,diaphnosoma,1.439758718
62_0002,207,2020-05-13,diaphnosoma,0.504601151
62_0002,207,2020-06-04,diaphnosoma,0.617039451
62_0002,207,2020-06-24,diaphnosoma,3.153757192
62_0002,207,2020-07-15,diaphnosoma,7.589585243
62_0002,207,2020-07-31,diaphnosoma,7.952952919
62_0002,207,2020-08-18,diaphnosoma,1.675909619
62_0002,207,2020-09-04,diaphnosoma,1.706380703
62_0002,207,2020-09-24,diaphnosoma,0
62_0047,201,2020-04-15,diaphnosoma,0
62_0047,201,2020-05-05,diaphnosoma,0.390029875
62_0047,201,2020-05-20,diaphnosoma,0.262241767
62_0047,201,2020-06-11,diaphnosoma,2.591565693
62_0047,201,2020-07-01,diaphnosoma,1.563166608
62_0047,201,2020-07-23,diaphnosoma,1.234078901
62_0047,201,2020-08-06,diaphnosoma,0
62_0047,201,2020-08-26,diaphnosoma,0
62_0047,201,2020-09-11,diaphnosoma,0
62_0047,201,2020-10-09,diaphnosoma,0
62_0054,101,2020-07-17,diaphnosoma,5.38424054
62_0054,101,2020-04-13,diaphnosoma,0
62_0054,101,2020-05-04,diaphnosoma,0
62_0054,101,2020-05-18,diaphnosoma,1.618014559
62_0054,101,2020-06-10,diaphnosoma,0
62_0054,101,2020-06-25,diaphnosoma,0.22853313
62_0054,101,2020-08-05,diaphnosoma,2.193918047
62_0054,101,2020-08-20,diaphnosoma,1.343774804
62_0054,101,2020-09-10,diaphnosoma,2.664043342
62_0054,101,2020-10-08,diaphnosoma,0.274239756
62_0055,201,2020-04-10,diaphnosoma,0.166502709
62_0055,201,2020-05-01,diaphnosoma,0.80900728
62_0055,201,2020-05-17,diaphnosoma,2.406453857
62_0055,201,2020-05-21,diaphnosoma,0
62_0055,201,2020-05-26,diaphnosoma,0.274239756
62_0055,201,2020-06-26,diaphnosoma,10.94216626
62_0055,201,2020-07-14,diaphnosoma,28.0116322
62_0055,201,2020-08-03,diaphnosoma,14.45635284
62_0055,201,2020-08-20,diaphnosoma,21.39070096
62_0055,201,2020-09-06,diaphnosoma,12.34078901
62_0055,201,2020-09-09,diaphnosoma,5.954920413
62_0055,201,2020-10-05,diaphnosoma,0
62_0055,201,2020-10-23,diaphnosoma,0.365653008
62_0057,401,2020-05-07,diaphnosoma,0
62_0057,401,2020-06-02,diaphnosoma,1.285009142
62_0057,401,2020-06-15,diaphnosoma,1.982361664
62_0057,401,2020-07-02,diaphnosoma,13.43774804
62_0057,401,2020-07-22,diaphnosoma,2.139070096
62_0057,401,2020-08-07,diaphnosoma,6.398927636
62_0057,401,2020-08-27,diaphnosoma,10.96959023
62_0057,401,2020-09-17,diaphnosoma,0.642749428
62_0061,208,2020-05-08,diaphnosoma,0.73652963
62_0061,208,2020-05-28,diaphnosoma,0.178255841
62_0061,208,2020-06-16,diaphnosoma,0.06529518
62_0061,208,2020-07-06,diaphnosoma,6.229160168
62_0061,208,2020-07-24,diaphnosoma,4.407424647
62_0061,208,2020-08-12,diaphnosoma,0.632860975
62_0061,208,2020-09-02,diaphnosoma,0.705187944
62_0061,208,2020-09-15,diaphnosoma,1.028399084
62_0067,202,2020-05-27,diaphnosoma,0.558273789
62_0067,202,2020-06-12,diaphnosoma,0
62_0067,202,2020-06-29,diaphnosoma,0.208422214
62_0067,202,2020-07-21,diaphnosoma,3.332013033
62_0067,202,2020-08-10,diaphnosoma,2.970930688
62_0067,202,2020-08-22,diaphnosoma,0.671887402
62_0067,202,2020-09-17,diaphnosoma,0.19588554
62_0067,202,2020-05-06,diaphnosoma,1.175313239
62_0075,202,2020-05-08,diaphnosoma,0
62_0075,202,2020-05-28,diaphnosoma,1.474038688
62_0075,202,2020-06-16,diaphnosoma,27.7462073
62_0075,202,2020-07-06,diaphnosoma,34.55420924
62_0075,202,2020-07-24,diaphnosoma,32.9087707
62_0075,202,2020-08-12,diaphnosoma,11.51806975
62_0075,202,2020-09-02,diaphnosoma,22.48765998
62_0075,202,2020-09-15,diaphnosoma,3.565116826
62_0078,101,2020-05-06,diaphnosoma,0.829575261
62_0078,101,2020-05-27,diaphnosoma,0.255957105
62_0078,101,2020-06-15,diaphnosoma,0
62_0078,101,2020-07-02,diaphnosoma,0.219391805
62_0078,101,2020-07-22,diaphnosoma,8.956670426
62_0078,101,2020-08-07,diaphnosoma,8.455725805
62_0078,101,2020-08-27,diaphnosoma,6.417210287
62_0078,101,2020-09-17,diaphnosoma,0.39177108
62_0083,204,2020-05-06,diaphnosoma,0
62_0083,204,2020-05-27,diaphnosoma,1.042111072
62_0083,204,2020-06-12,diaphnosoma,0
62_0083,204,2020-07-21,diaphnosoma,9.141325195
62_0083,204,2020-08-10,diaphnosoma,15.99731909
62_0083,204,2020-08-24,diaphnosoma,2.714973583
62_0083,204,2020-09-14,diaphnosoma,4.387836093
62_0083,204,2020-06-29,diaphnosoma,1.168946959
62_0225,201,2020-04-15,diaphnosoma,0.754159329
62_0225,201,2020-05-05,diaphnosoma,0.313416864
62_0225,201,2020-05-20,diaphnosoma,0
62_0225,201,2020-06-11,diaphnosoma,0
62_0225,201,2020-07-01,diaphnosoma,1.096959023
62_0225,201,2020-07-23,diaphnosoma,3.784508631
62_0225,201,2020-08-06,diaphnosoma,4.113596338
62_0225,201,2020-08-26,diaphnosoma,14.62612031
62_0225,201,2020-09-11,diaphnosoma,7.541593286
62_0225,201,2020-10-09,diaphnosoma,0.308519725
62_0231,201,2020-04-13,diaphnosoma,0
62_0231,201,2020-05-04,diaphnosoma,0
62_0231,201,2020-05-18,diaphnosoma,3.391431647
62_0231,201,2020-06-10,diaphnosoma,0.987263121
62_0231,201,2020-06-26,diaphnosoma,0.822719268
62_0231,201,2020-07-17,diaphnosoma,10.98055982
62_0231,201,2020-08-05,diaphnosoma,6.307514384
62_0231,201,2020-08-20,diaphnosoma,2.742397558
62_0231,201,2020-09-10,diaphnosoma,0
62_0231,201,2020-10-08,diaphnosoma,0.411359634
82_0167,234,2020-05-14,diaphnosoma,0.033137304
82_0167,234,2020-06-08,diaphnosoma,0.12519641
82_0167,234,2020-06-24,diaphnosoma,0.429244835
82_0167,234,2020-07-16,diaphnosoma,0.468492916
82_0167,234,2020-07-31,diaphnosoma,1.218843359
82_0167,234,2020-08-21,diaphnosoma,0.754159329
82_0167,234,2020-09-04,diaphnosoma,0.58765662
82_0167,234,2020-09-23,diaphnosoma,0
02_0003,204,2020-05-13,leptodora,0
02_0003,204,2020-06-04,leptodora,0
02_0003,204,2020-06-25,leptodora,0
02_0003,204,2020-07-15,leptodora,0
02_0003,204,2020-07-31,leptodora,0
02_0003,204,2020-08-18,leptodora,0.24681578
02_0003,204,2020-09-04,leptodora,0.137119878
02_0003,204,2020-09-24,leptodora,0
62_0002,207,2020-05-13,leptodora,0
62_0002,207,2020-06-04,leptodora,0
62_0002,207,2020-06-24,leptodora,0
62_0002,207,2020-07-15,leptodora,0
62_0002,207,2020-07-31,leptodora,0
62_0002,207,2020-08-18,leptodora,0.30471084
62_0002,207,2020-09-04,leptodora,0.121884336
62_0002,207,2020-09-24,leptodora,0
62_0047,201,2020-04-15,leptodora,0
62_0047,201,2020-05-05,leptodora,0
62_0047,201,2020-05-20,leptodora,0
62_0047,201,2020-06-11,leptodora,0
62_0047,201,2020-07-01,leptodora,0
62_0047,201,2020-07-23,leptodora,0
62_0047,201,2020-08-06,leptodora,0
62_0047,201,2020-08-26,leptodora,0
62_0047,201,2020-09-11,leptodora,0
62_0047,201,2020-10-09,leptodora,0
62_0054,101,2020-07-17,leptodora,0
62_0054,101,2020-04-13,leptodora,0
62_0054,101,2020-05-04,leptodora,0
62_0054,101,2020-05-18,leptodora,0
62_0054,101,2020-06-10,leptodora,0
62_0054,101,2020-06-25,leptodora,0
62_0054,101,2020-08-05,leptodora,0
62_0054,101,2020-08-20,leptodora,0
62_0054,101,2020-09-10,leptodora,0
62_0054,101,2020-10-08,leptodora,0
62_0055,201,2020-04-10,leptodora,0
62_0055,201,2020-05-01,leptodora,0
62_0055,201,2020-05-17,leptodora,0
62_0055,201,2020-05-21,leptodora,0
62_0055,201,2020-05-26,leptodora,0
62_0055,201,2020-06-26,leptodora,0
62_0055,201,2020-07-14,leptodora,0
62_0055,201,2020-08-03,leptodora,0.352593972
62_0055,201,2020-08-20,leptodora,0
62_0055,201,2020-09-06,leptodora,0
62_0055,201,2020-09-09,leptodora,0
62_0055,201,2020-10-05,leptodora,0
62_0055,201,2020-10-23,leptodora,0
62_0057,401,2020-05-07,leptodora,0
62_0057,401,2020-06-02,leptodora,0
62_0057,401,2020-06-15,leptodora,0
62_0057,401,2020-07-02,leptodora,0
62_0057,401,2020-07-22,leptodora,0
62_0057,401,2020-08-07,leptodora,0
62_0057,401,2020-08-27,leptodora,0
62_0057,401,2020-09-17,leptodora,0
62_0061,208,2020-05-08,leptodora,0
62_0061,208,2020-05-28,leptodora,0
62_0061,208,2020-06-16,leptodora,0.06529518
62_0061,208,2020-07-06,leptodora,0
62_0061,208,2020-07-24,leptodora,0
62_0061,208,2020-08-12,leptodora,0
62_0061,208,2020-09-02,leptodora,0
62_0061,208,2020-09-15,leptodora,0
62_0067,202,2020-05-27,leptodora,0
62_0067,202,2020-06-12,leptodora,0
62_0067,202,2020-06-29,leptodora,0
62_0067,202,2020-07-21,leptodora,0
62_0067,202,2020-08-10,leptodora,0
62_0067,202,2020-08-22,leptodora,0
62_0067,202,2020-09-17,leptodora,0
62_0067,202,2020-05-06,leptodora,0
62_0075,202,2020-05-08,leptodora,0
62_0075,202,2020-05-28,leptodora,0
62_0075,202,2020-06-16,leptodora,0.390791652
62_0075,202,2020-07-06,leptodora,0
62_0075,202,2020-07-24,leptodora,0
62_0075,202,2020-08-12,leptodora,0
62_0075,202,2020-09-02,leptodora,0
62_0075,202,2020-09-15,leptodora,0
62_0078,101,2020-05-06,leptodora,0
62_0078,101,2020-05-27,leptodora,0
62_0078,101,2020-06-15,leptodora,0
62_0078,101,2020-07-02,leptodora,0
62_0078,101,2020-07-22,leptodora,0
62_0078,101,2020-08-07,leptodora,0
62_0078,101,2020-08-27,leptodora,0
62_0078,101,2020-09-17,leptodora,0
62_0083,204,2020-05-06,leptodora,0
62_0083,204,2020-05-27,leptodora,0
62_0083,204,2020-06-12,leptodora,0
62_0083,204,2020-07-21,leptodora,0
62_0083,204,2020-08-10,leptodora,0
62_0083,204,2020-08-24,leptodora,0
62_0083,204,2020-09-14,leptodora,0
62_0083,204,2020-06-29,leptodora,0
62_0225,201,2020-04-15,leptodora,0
62_0225,201,2020-05-05,leptodora,0
62_0225,201,2020-05-20,leptodora,0
62_0225,201,2020-06-11,leptodora,0
62_0225,201,2020-07-01,leptodora,0
62_0225,201,2020-07-23,leptodora,0
62_0225,201,2020-08-06,leptodora,0
62_0225,201,2020-08-26,leptodora,0
62_0225,201,2020-09-11,leptodora,0
62_0225,201,2020-10-09,leptodora,0
62_0231,201,2020-04-13,leptodora,0
62_0231,201,2020-05-04,leptodora,0
62_0231,201,2020-05-18,leptodora,0
62_0231,201,2020-06-10,leptodora,0
62_0231,201,2020-06-26,leptodora,0
62_0231,201,2020-07-17,leptodora,0
62_0231,201,2020-08-05,leptodora,0
62_0231,201,2020-08-20,leptodora,0
62_0231,201,2020-09-10,leptodora,0
62_0231,201,2020-10-08,leptodora,0
82_0167,234,2020-05-14,leptodora,0
82_0167,234,2020-06-08,leptodora,0
82_0167,234,2020-06-24,leptodora,0
82_0167,234,2020-07-16,leptodora,0
82_0167,234,2020-07-31,leptodora,0
82_0167,234,2020-08-21,leptodora,0
82_0167,234,2020-09-04,leptodora,0.09794277
82_0167,234,2020-09-23,leptodora,0.064274943
02_0003,204,2020-05-13,other,0
02_0003,204,2020-06-04,other,0
02_0003,204,2020-06-25,other,0
02_0003,204,2020-07-15,other,0
02_0003,204,2020-07-31,other,0
02_0003,204,2020-08-18,other,0
02_0003,204,2020-09-04,other,0
02_0003,204,2020-09-24,other,0
62_0002,207,2020-05-13,other,0
62_0002,207,2020-06-04,other,0
62_0002,207,2020-06-24,other,0
62_0002,207,2020-07-15,other,0
62_0002,207,2020-07-31,other,0
62_0002,207,2020-08-18,other,0
62_0002,207,2020-09-04,other,0
62_0002,207,2020-09-24,other,0
62_0047,201,2020-04-15,other,0
62_0047,201,2020-05-05,other,0
62_0047,201,2020-05-20,other,0
62_0047,201,2020-06-11,other,0
62_0047,201,2020-07-01,other,0
62_0047,201,2020-07-23,other,0
62_0047,201,2020-08-06,other,0
62_0047,201,2020-08-26,other,0
62_0047,201,2020-09-11,other,0
62_0047,201,2020-10-09,other,0
62_0054,101,2020-07-17,other,0
62_0054,101,2020-04-13,other,0
62_0054,101,2020-05-04,other,0
62_0054,101,2020-05-18,other,0
62_0054,101,2020-06-10,other,0
62_0054,101,2020-06-25,other,0
62_0054,101,2020-08-05,other,0
62_0054,101,2020-08-20,other,0
62_0054,101,2020-09-10,other,0
62_0054,101,2020-10-08,other,0
62_0055,201,2020-04-10,other,0
62_0055,201,2020-05-01,other,0
62_0055,201,2020-05-17,other,0
62_0055,201,2020-05-21,other,0
62_0055,201,2020-05-26,other,0
62_0055,201,2020-06-26,other,0
62_0055,201,2020-07-14,other,0
62_0055,201,2020-08-03,other,0
62_0055,201,2020-08-20,other,0
62_0055,201,2020-09-06,other,0
62_0055,201,2020-09-09,other,0
62_0055,201,2020-10-05,other,0
62_0055,201,2020-10-23,other,0
62_0057,401,2020-05-07,other,0
62_0057,401,2020-06-02,other,0
62_0057,401,2020-06-15,other,0
62_0057,401,2020-07-02,other,0
62_0057,401,2020-07-22,other,0
62_0057,401,2020-08-07,other,0
62_0057,401,2020-08-27,other,0
62_0057,401,2020-09-17,other,0
62_0061,208,2020-05-08,other,0
62_0061,208,2020-05-28,other,0
62_0061,208,2020-06-16,other,0
62_0061,208,2020-07-06,other,0
62_0061,208,2020-07-24,other,0
62_0061,208,2020-08-12,other,0
62_0061,208,2020-09-02,other,0
62_0061,208,2020-09-15,other,0
62_0067,202,2020-05-27,other,0
62_0067,202,2020-06-12,other,0
62_0067,202,2020-06-29,other,0
62_0067,202,2020-07-21,other,0
62_0067,202,2020-08-10,other,0
62_0067,202,2020-08-22,other,0
62_0067,202,2020-09-17,other,0
62_0067,202,2020-05-06,other,0
62_0075,202,2020-05-08,other,0
62_0075,202,2020-05-28,other,0
62_0075,202,2020-06-16,other,0
62_0075,202,2020-07-06,other,0
62_0075,202,2020-07-24,other,0
62_0075,202,2020-08-12,other,0
62_0075,202,2020-09-02,other,0
62_0075,202,2020-09-15,other,0
62_0078,101,2020-05-06,other,0
62_0078,101,2020-05-27,other,0
62_0078,101,2020-06-15,other,0
62_0078,101,2020-07-02,other,0
62_0078,101,2020-07-22,other,0
62_0078,101,2020-08-07,other,0
62_0078,101,2020-08-27,other,0
62_0078,101,2020-09-17,other,0
62_0083,204,2020-05-06,other,0
62_0083,204,2020-05-27,other,0
62_0083,204,2020-06-12,other,0
62_0083,204,2020-07-21,other,0
62_0083,204,2020-08-10,other,0
62_0083,204,2020-08-24,other,0
62_0083,204,2020-09-14,other,0
62_0083,204,2020-06-29,other,0
62_0225,201,2020-04-15,other,0
62_0225,201,2020-05-05,other,0
62_0225,201,2020-05-20,other,0
62_0225,201,2020-06-11,other,0
62_0225,201,2020-07-01,other,0
62_0225,201,2020-07-23,other,0
62_0225,201,2020-08-06,other,0
62_0225,201,2020-08-26,other,0
62_0225,201,2020-09-11,other,0
62_0225,201,2020-10-09,other,0
62_0231,201,2020-04-13,other,0
62_0231,201,2020-05-04,other,0
62_0231,201,2020-05-18,other,0
62_0231,201,2020-06-10,other,0
62_0231,201,2020-06-26,other,0
62_0231,201,2020-07-17,other,0
62_0231,201,2020-08-05,other,0
62_0231,201,2020-08-20,other,0
62_0231,201,2020-09-10,other,0
62_0231,201,2020-10-08,other,0
82_0167,234,2020-05-14,other,0
82_0167,234,2020-06-08,other,0
82_0167,234,2020-06-24,other,0
82_0167,234,2020-07-16,other,0
82_0167,234,2020-07-31,other,0
82_0167,234,2020-08-21,other,0
82_0167,234,2020-09-04,other,0
82_0167,234,2020-09-23,other,0.021424981
